feature_group,model,mae,rmse,r2
naive,naive_current_trend,2.3428524699893227,6.979810058527074,0.9082028740644482
trend_only,linear,2.7214973270604106,7.787473556703227,0.8857292585260016
trend_only,rf,2.6034107447410144,7.0951696416139445,0.9051434242725787
trend_plus_reddit_volume,linear,2.8337138937466713,7.794153963753158,0.8855331223880738
trend_plus_reddit_volume,rf,2.592182064807172,7.042258249953301,0.9065529125318832
trend_plus_reddit_full,linear,2.8940721684857986,7.900762311612442,0.8823803538224726
trend_plus_reddit_full,rf,2.5663710949229084,7.0716560904325165,0.9057710961220699
