segment,model,rows,mae,rmse,r2
stable,naive_current_trend,190,0.32524888752951103,0.6377821910420564,0.8059350500430517
stable,trend_only_linear,190,0.4690550735070052,0.6575088917116587,0.7937444759423413
stable,trend_only_rf,190,0.5143326795666656,1.106926767801299,0.4154251757937897
stable,trend_plus_reddit_volume_linear,190,0.5474381427386652,0.7451377559309217,0.7351039591426013
stable,trend_plus_reddit_volume_rf,190,0.5966851339366792,1.404183703106339,0.05930207741575921
stable,trend_plus_reddit_full_linear,190,0.5828568001550913,0.7883532594399001,0.7034867784313829
stable,trend_plus_reddit_full_rf,190,0.4658974574503297,0.9062463726392445,0.6081725202159547
volatile,naive_current_trend,190,4.360456052449133,9.850316278324316,0.8601512805655392
volatile,trend_only_linear,190,4.9739395806138145,10.993505848910262,0.8258070528033195
volatile,trend_only_rf,190,4.692488809915363,9.972842003024276,0.8566505533403848
volatile,trend_plus_reddit_volume_linear,190,5.119989644754678,10.997383404522385,0.8256841507976967
volatile,trend_plus_reddit_volume_rf,190,4.587678995677664,9.859770314059107,0.8598827065977352
volatile,trend_plus_reddit_full_linear,190,5.205287536816506,11.145518801182906,0.8209564331627456
volatile,trend_plus_reddit_full_rf,190,4.666844732395487,9.95968660324113,0.8570284948470595
